fichier,angle1,pvalue1,angle2,pvalue2,pvalue_correlation,intrication
dataset-00.csv,80.04375410533979,0.0,91.80712667412386,0.0,0.0001857220298607,False
dataset-01.csv,120.01586505077222,0.0,119.589697600818,0.0,1.2539344744300598,False
dataset-02.csv,80.20435557033028,0.0,19.66727454635189,0.0,0.6759990804361126,False
dataset-03.csv,29.61080018064052,0.0,143.43243577670162,0.0,2.2399546125175556e-14,True
dataset-04.csv,60.44140983548109,0.0,1.8863400840017612,1.601575703391589e-06,1.6276448855625553e-37,False
dataset-05.csv,148.97465056421103,0.0,165.2837479761712,0.0,0.04851477028931963,True
